VendorID,tpep_pickup_datetime,tpep_dropoff_datetime,passenger_count,trip_distance,pickup_longitude,pickup_latitude,RateCodeID,store_and_fwd_flag,dropoff_longitude,dropoff_latitude,payment_type,fare_amount,extra,mta_tax,tip_amount,tolls_amount,improvement_surcharge,total_amount,RatecodeID
2,2015-01-15 19:05:39,2015-01-15 19:23:42,1,1.59,-73.993896484375,40.7501106262207,1.0,N,-73.97478485107422,40.75061798095703,1,12.0,1.0,0.5,3.25,0.0,0.3,17.05,
1,2015-01-10 20:33:38,2015-01-10 20:53:28,1,3.3,-74.00164794921875,40.7242431640625,1.0,N,-73.99441528320312,40.75910949707031,1,14.5,0.5,0.5,2.0,0.0,0.3,17.8,
1,2015-01-10 20:33:38,2015-01-10 20:43:41,1,1.8,-73.96334075927734,40.80278778076172,1.0,N,-73.95182037353516,40.824413299560554,2,9.5,0.5,0.5,0.0,0.0,0.3,10.8,
1,2015-01-10 20:33:39,2015-01-10 20:35:31,1,0.5,-74.00908660888672,40.71381759643555,1.0,N,-74.00432586669923,40.71998596191406,2,3.5,0.5,0.5,0.0,0.0,0.3,4.8,
1,2015-01-10 20:33:39,2015-01-10 20:52:58,1,3.0,-73.97117614746092,40.762428283691406,1.0,N,-74.00418090820312,40.742652893066406,2,15.0,0.5,0.5,0.0,0.0,0.3,16.3,
1,2015-01-10 20:33:39,2015-01-10 20:53:52,1,9.0,-73.87437438964845,40.7740478515625,1.0,N,-73.98697662353516,40.75819396972656,1,27.0,0.5,0.5,6.7,5.33,0.3,40.33,
1,2015-01-10 20:33:39,2015-01-10 20:58:31,1,2.2,-73.9832763671875,40.72600936889648,1.0,N,-73.99246978759764,40.7496337890625,2,14.0,0.5,0.5,0.0,0.0,0.3,15.3,
1,2015-01-10 20:33:39,2015-01-10 20:42:20,3,0.8,-74.00266265869139,40.7341423034668,1.0,N,-73.99501037597656,40.72632598876953,1,7.0,0.5,0.5,1.66,0.0,0.3,9.96,
1,2015-01-10 20:33:39,2015-01-10 21:11:35,3,18.2,-73.78304290771484,40.644355773925774,2.0,N,-73.98759460449217,40.75935745239258,2,52.0,0.0,0.5,0.0,5.33,0.3,58.13,
1,2015-01-10 20:33:40,2015-01-10 20:40:44,2,0.9,-73.98558807373048,40.767948150634766,1.0,N,-73.98591613769531,40.75936508178711,1,6.5,0.5,0.5,1.55,0.0,0.3,9.35,
1,2015-01-10 20:33:40,2015-01-10 20:41:39,1,0.9,-73.98861694335938,40.72310256958008,1.0,N,-74.00439453125,40.72858428955078,1,7.0,0.5,0.5,1.66,0.0,0.3,9.96,
1,2015-01-10 20:33:41,2015-01-10 20:43:26,1,1.1,-73.99378204345702,40.751419067382805,1.0,N,-73.9674072265625,40.75721740722656,1,7.5,0.5,0.5,1.0,0.0,0.3,9.8,
1,2015-01-10 20:33:41,2015-01-10 20:35:23,1,0.3,-74.00836181640625,40.704376220703125,1.0,N,-74.00977325439453,40.70772552490234,2,3.0,0.5,0.5,0.0,0.0,0.3,4.3,
1,2015-01-10 20:33:41,2015-01-10 21:03:04,1,3.1,-73.97394561767578,40.760448455810554,1.0,N,-73.99734497070312,40.735210418701165,1,19.0,0.5,0.5,3.0,0.0,0.3,23.3,
1,2015-01-10 20:33:41,2015-01-10 20:39:23,1,1.1,-74.00672149658203,40.7317771911621,1.0,N,-73.99521636962889,40.73989486694336,2,6.0,0.5,0.5,0.0,0.0,0.3,7.3,
2,2015-01-15 19:05:39,2015-01-15 19:32:00,1,2.38,-73.97642517089844,40.73981094360352,1.0,N,-73.98397827148438,40.75788879394531,1,16.5,1.0,0.5,4.38,0.0,0.3,22.68,
2,2015-01-15 19:05:40,2015-01-15 19:21:00,5,2.83,-73.96870422363281,40.75424575805664,1.0,N,-73.9551239013672,40.78685760498047,2,12.5,1.0,0.5,0.0,0.0,0.3,14.3,
2,2015-01-15 19:05:40,2015-01-15 19:28:18,5,8.33,-73.8630599975586,40.769580841064446,1.0,N,-73.95271301269531,40.78578186035156,1,26.0,1.0,0.5,8.08,5.33,0.3,41.21,
2,2015-01-15 19:05:41,2015-01-15 19:20:36,1,2.37,-73.94554138183594,40.779422760009766,1.0,N,-73.98085021972656,40.78608322143555,1,11.5,1.0,0.5,0.0,0.0,0.3,13.3,
2,2015-01-15 19:05:41,2015-01-15 19:20:22,2,7.13,-73.87445831298828,40.77400970458984,1.0,N,-73.95237731933594,40.71858978271485,1,21.5,1.0,0.5,4.5,0.0,0.3,27.8,
2,2015-01-15 19:05:41,2015-01-15 19:31:00,1,3.6,-73.97660064697266,40.751895904541016,1.0,N,-73.9989242553711,40.71459579467773,2,17.5,1.0,0.5,0.0,0.0,0.3,19.3,
2,2015-01-15 19:05:41,2015-01-15 19:10:22,1,0.89,-73.99495697021484,40.745079040527344,1.0,N,-73.99993896484375,40.734649658203125,1,5.5,1.0,0.5,1.62,0.0,0.3,8.92,
2,2015-01-15 19:05:41,2015-01-15 19:10:55,1,0.96,-74.00093841552734,40.74706268310546,1.0,N,-74.0035629272461,40.73551177978516,1,5.5,1.0,0.5,1.3,0.0,0.3,8.6,
2,2015-01-15 19:05:41,2015-01-15 19:12:36,2,1.25,-74.00277709960938,40.717891693115234,1.0,N,-74.00791931152342,40.704219818115234,1,6.5,1.0,0.5,1.5,0.0,0.3,9.8,
2,2015-01-15 19:05:41,2015-01-15 19:22:11,5,2.11,-73.9974594116211,40.73636245727539,1.0,N,-73.9781723022461,40.76185607910156,1,11.5,1.0,0.5,2.5,0.0,0.3,15.8,
2,2015-01-15 19:05:41,2015-01-15 19:14:05,5,1.15,-73.95227813720702,40.82399368286133,1.0,N,-73.95333862304686,40.81108856201172,1,7.5,1.0,0.5,1.7,0.0,0.3,11.0,
2,2015-01-15 19:05:42,2015-01-15 19:16:18,1,1.53,-73.99112701416014,40.75008010864258,1.0,N,-73.98860931396483,40.73488998413086,2,9.0,1.0,0.5,0.0,0.0,0.3,10.8,
2,2015-01-15 19:05:42,2015-01-15 19:49:07,1,18.06,-73.78657531738281,40.64412689208984,2.0,N,-73.98560333251953,40.7435302734375,1,52.0,0.0,0.5,6.0,5.33,0.3,64.13,
2,2015-01-15 19:05:42,2015-01-15 19:18:33,1,1.76,-73.99366760253906,40.74144744873047,1.0,N,-73.99451446533203,40.757720947265625,1,10.0,1.0,0.5,2.36,0.0,0.3,14.16,
2,2015-01-15 19:05:42,2015-01-15 19:21:40,6,5.19,-73.98529052734375,40.744083404541016,1.0,N,-74.00907897949219,40.704689025878906,1,17.5,1.0,0.5,3.7,0.0,0.3,23.0,
2,2015-01-15 19:05:42,2015-01-15 19:14:23,1,1.38,-73.96977233886719,40.78561019897461,1.0,N,-73.95070648193358,40.774681091308594,1,7.5,1.0,0.5,1.7,0.0,0.3,11.0,
2,2015-01-15 19:05:43,2015-01-15 19:05:44,2,0.01,0.0,0.0,5.0,N,0.0,0.0,1,60.0,0.0,0.0,0.0,0.0,0.3,60.3,
2,2015-01-15 19:05:43,2015-01-15 19:17:43,2,2.23,-73.98509216308595,40.75698852539063,1.0,N,-73.98487854003906,40.7801513671875,1,10.0,1.0,0.5,2.2,0.0,0.3,14.0,
2,2015-01-15 19:05:43,2015-01-15 19:15:17,1,1.56,-73.9661636352539,40.762161254882805,1.0,N,-73.9500503540039,40.77625274658203,1,8.0,1.0,0.5,1.8,0.0,0.3,11.6,
2,2015-01-15 19:05:43,2015-01-15 19:15:09,5,1.57,-73.97842407226561,40.74620819091797,1.0,N,-73.98021697998048,40.72854232788086,1,8.0,1.0,0.5,1.8,0.0,0.3,11.6,
2,2015-01-15 19:05:44,2015-01-15 19:17:44,1,2.92,-73.99835205078125,40.72003173828125,1.0,N,-73.95582580566406,40.715599060058594,1,12.5,1.0,0.5,2.7,0.0,0.3,17.0,
1,2015-01-10 19:12:21,2015-01-10 19:31:33,1,2.9,-74.0030517578125,40.72771835327149,1.0,N,-73.97603607177734,40.76396942138672,2,13.5,0.0,0.5,0.0,0.0,0.3,14.3,
1,2015-01-10 19:12:21,2015-01-10 19:46:08,1,16.4,-73.97709655761719,40.7631721496582,2.0,N,-73.79071044921875,40.6442756652832,1,52.0,0.0,0.5,10.0,0.0,0.3,62.8,
2,2015-01-25 00:13:04,2015-01-25 00:13:18,1,0.02,-73.99481201171875,40.72774124145508,1.0,N,-73.99694061279298,40.72555923461913,2,2.5,0.5,0.5,0.0,0.0,0.3,3.8,
2,2015-01-25 00:13:05,2015-01-25 00:29:11,1,1.73,-73.98593902587889,40.72676467895508,1.0,N,-74.00654602050781,40.73786544799805,2,11.0,0.5,0.5,0.0,0.0,0.3,12.3,
2,2015-01-25 00:13:05,2015-01-25 00:25:43,1,2.25,-73.97998809814453,40.7432746887207,1.0,N,-74.00808715820312,40.73905563354492,1,10.5,0.5,0.5,2.36,0.0,0.3,14.16,
2,2015-01-25 00:13:05,2015-01-25 00:25:50,1,3.53,-73.98896789550781,40.7216796875,1.0,N,-73.97872924804686,40.76247024536133,2,12.5,0.5,0.5,0.0,0.0,0.3,13.8,
2,2015-01-25 00:13:06,2015-01-25 00:23:26,1,2.01,-73.94868469238281,40.7823600769043,1.0,N,-73.95708465576173,40.8019905090332,1,9.5,0.5,0.5,2.16,0.0,0.3,12.96,
2,2015-01-25 00:13:06,2015-01-25 00:24:51,1,3.37,-73.94551086425781,40.77372360229492,1.0,N,-73.98743438720702,40.755706787109375,1,12.5,0.5,0.5,0.0,0.0,0.3,13.8,
2,2015-01-25 00:13:06,2015-01-25 00:22:20,1,1.35,-73.93394470214845,40.76285171508789,1.0,N,-73.91702270507811,40.77094650268555,1,8.0,0.5,0.5,0.7,0.0,0.3,10.0,
2,2015-01-25 00:13:06,2015-01-25 00:18:30,1,1.18,-73.98302459716798,40.76781845092773,1.0,N,-73.96830749511719,40.76314926147461,1,6.0,0.5,0.5,1.8,0.0,0.3,9.1,
2,2015-01-25 00:13:06,2015-01-25 00:21:15,5,2.05,-73.99095916748048,40.73482131958008,1.0,N,-73.99073028564453,40.75537109375,1,8.5,0.5,0.5,1.96,0.0,0.3,11.76,
2,2015-01-25 00:13:06,2015-01-25 00:34:32,1,3.05,-73.99163818359375,40.727088928222656,1.0,N,-73.95171356201173,40.71477890014648,1,16.5,0.5,0.5,5.34,0.0,0.3,23.14,
2,2015-01-25 00:13:07,2015-01-25 00:27:08,4,3.06,-73.99263763427734,40.72379302978516,1.0,N,-73.96405029296875,40.756866455078125,1,12.5,0.5,0.5,2.76,0.0,0.3,16.56,
2,2015-01-25 00:13:07,2015-01-25 00:15:39,1,0.49,-73.9861602783203,40.75994873046875,1.0,N,-73.98360443115233,40.763938903808594,2,4.0,0.5,0.5,0.0,0.0,0.3,5.3,
2,2015-01-25 00:13:07,2015-01-25 00:24:59,1,2.6,-73.94847869873048,40.78247833251953,1.0,N,-73.9715347290039,40.800338745117195,1,11.0,0.5,0.5,1.5,0.0,0.3,13.8,
2,2015-01-25 00:13:07,2015-01-25 00:41:19,1,6.17,-74.00163269042967,40.74093627929688,1.0,N,-73.91980743408203,40.74308013916016,1,24.0,0.5,0.5,2.7,0.0,0.3,28.0,
2,2015-01-25 00:13:08,2015-01-25 00:34:57,1,3.72,-73.975341796875,40.78987884521485,1.0,N,-74.00504302978516,40.74119186401367,1,16.5,0.5,0.5,3.56,0.0,0.3,21.36,
2,2015-01-25 00:13:08,2015-01-25 00:18:57,1,1.1,-73.9798812866211,40.74624633789063,1.0,N,-73.98766326904298,40.73267364501953,2,6.0,0.5,0.5,0.0,0.0,0.3,7.3,
2,2015-01-25 00:13:09,2015-01-25 00:21:38,2,2.63,-73.99282836914062,40.701484680175774,1.0,N,-73.99290466308595,40.71997833251953,1,10.5,0.5,0.5,2.36,0.0,0.3,14.16,
2,2015-01-25 00:13:09,2015-01-25 00:22:51,2,2.22,-73.9925308227539,40.72446060180664,1.0,N,-74.01089477539062,40.70326614379882,1,9.5,0.5,0.5,2.7,0.0,0.3,13.5,
2,2015-01-25 00:13:09,2015-01-25 00:20:30,1,1.79,-73.9556884765625,40.77246856689453,1.0,N,-73.97438049316406,40.75667190551758,1,8.0,0.5,0.5,2.79,0.0,0.3,12.09,
2,2015-01-25 00:13:09,2015-01-25 00:24:28,1,1.14,-73.99311065673827,40.72428894042969,1.0,N,-74.0009765625,40.73522186279297,1,8.5,0.5,0.5,1.96,0.0,0.3,11.76,
2,2015-01-25 00:13:09,2015-01-25 01:02:40,1,10.2,-73.99761199951173,40.76224136352539,1.0,N,-73.90857696533203,40.69004821777344,2,39.0,0.5,0.5,0.0,0.0,0.3,40.3,
2,2015-01-04 13:44:51,2015-01-04 13:53:27,5,1.48,-73.98635101318358,40.759376525878906,1.0,N,-73.99624633789062,40.74671173095703,1,7.5,0.0,0.5,1.5,0.0,0.3,9.8,
2,2015-01-04 13:44:51,2015-01-04 13:45:03,1,0.03,-73.94451141357422,40.7945671081543,1.0,N,-73.9447021484375,40.79433441162109,2,2.5,0.0,0.5,0.0,0.0,0.3,3.3,
1,2015-01-04 13:44:52,2015-01-04 13:56:49,1,2.5,0.0,0.0,1.0,N,0.0,0.0,1,11.0,0.0,0.5,2.35,0.0,0.0,14.15,
2,2015-01-04 13:44:52,2015-01-04 13:46:38,1,0.36,-73.99124908447266,40.76546096801758,1.0,N,-73.98753356933594,40.76840972900391,2,3.5,0.0,0.5,0.0,0.0,0.3,4.3,
2,2015-01-04 13:44:52,2015-01-04 13:56:58,3,3.14,-73.97794342041014,40.684871673583984,1.0,N,-73.99649047851561,40.72550964355469,1,12.5,0.0,0.5,2.5,0.0,0.3,15.8,
2,2015-01-04 13:44:52,2015-01-04 13:53:17,1,1.14,-73.99095153808595,40.75080871582031,1.0,N,-73.97940826416014,40.741260528564446,1,7.0,0.0,0.5,1.4,0.0,0.3,9.2,
2,2015-01-04 13:44:52,2015-01-04 14:04:23,1,8.98,-73.87100219726561,40.773792266845696,1.0,N,-73.96136474609375,40.7700424194336,1,27.0,0.0,0.5,0.0,5.33,0.3,33.13,
2,2015-01-04 13:44:52,2015-01-04 13:49:03,1,0.85,0.0,0.0,1.0,N,0.0,0.0,2,5.5,0.0,0.5,0.0,0.0,0.3,6.3,
1,2015-01-04 13:44:53,2015-01-04 13:49:40,2,0.7,-73.99473571777342,40.740093231201165,1.0,N,-73.9983139038086,40.73624420166016,2,5.0,0.0,0.5,0.0,0.0,0.0,5.8,
1,2015-01-04 13:44:53,2015-01-04 13:51:53,3,1.5,-74.01420593261719,40.71208953857422,1.0,N,-74.0010986328125,40.72412872314453,2,7.5,0.0,0.5,0.0,0.0,0.0,8.3,
2,2015-01-04 13:44:53,2015-01-04 13:55:07,2,1.26,-73.97955322265625,40.76626586914063,1.0,N,-73.98338317871094,40.755313873291016,2,8.5,0.0,0.5,0.0,0.0,0.3,9.3,
2,2015-01-04 13:44:53,2015-01-04 13:51:26,1,1.56,-73.9577865600586,40.77458572387695,1.0,N,-73.97223663330078,40.756885528564446,1,7.0,0.0,0.5,1.0,0.0,0.3,8.8,
1,2015-01-04 13:44:54,2015-01-04 13:53:36,1,1.5,-73.9694061279297,40.798587799072266,1.0,N,-73.97188568115233,40.78194046020508,1,8.0,0.0,0.5,1.75,0.0,0.0,10.55,
1,2015-01-04 13:44:54,2015-01-04 13:50:29,1,1.1,-73.96797943115233,40.8021354675293,1.0,N,-73.9776840209961,40.78726577758789,1,6.5,0.0,0.5,2.0,0.0,0.0,9.3,
1,2015-01-04 13:44:54,2015-01-04 13:47:15,1,0.5,-73.96251678466798,40.77003860473633,1.0,N,-73.96773529052734,40.76285552978516,1,4.0,0.0,0.5,1.0,0.0,0.0,5.8,
2,2015-01-04 13:44:54,2015-01-04 14:02:23,2,8.79,-73.96420288085938,40.77336883544922,1.0,N,-73.87063598632812,40.773834228515625,1,26.0,0.0,0.5,4.0,5.33,0.3,36.13,
2,2015-01-04 13:44:54,2015-01-04 13:53:15,1,1.39,-73.98625183105469,40.73043823242188,1.0,N,-73.99121856689453,40.74216842651367,2,7.5,0.0,0.5,0.0,0.0,0.3,8.3,
2,2015-01-15 14:00:41,2015-01-15 14:11:18,1,1.64,-73.98372650146483,40.746341705322266,1.0,N,-73.966796875,40.76140594482422,2,8.5,0.0,0.5,0.0,0.0,0.3,9.3,
2,2015-01-15 14:00:41,2015-01-15 14:19:26,1,1.53,-73.99578094482422,40.732940673828125,1.0,N,-73.99107360839844,40.75038146972656,2,12.0,0.0,0.5,0.0,0.0,0.3,12.8,
2,2015-01-15 14:00:41,2015-01-15 14:31:42,5,7.48,-73.87081909179686,40.77370071411133,1.0,N,-73.96869659423827,40.76268005371094,2,27.0,0.0,0.5,0.0,0.0,0.3,27.8,
2,2015-01-15 14:00:41,2015-01-15 14:13:48,1,3.0,-73.96427154541014,40.77302169799805,1.0,N,-73.96577453613281,40.80466842651367,2,12.0,0.0,0.5,0.0,0.0,0.3,12.8,
2,2015-01-15 14:00:42,2015-01-15 14:05:01,1,0.67,-73.97093200683594,40.7959213256836,1.0,N,-73.97016906738281,40.78912353515625,1,5.0,0.0,0.5,1.0,0.0,0.3,6.8,
2,2015-01-15 14:00:42,2015-01-15 14:20:40,1,1.51,-73.97212219238281,40.75902938842773,1.0,N,-73.99093627929686,40.7557373046875,1,13.0,0.0,0.5,2.6,0.0,0.3,16.4,
2,2015-01-15 14:00:42,2015-01-15 14:05:16,2,0.85,-73.98056793212889,40.76565170288086,1.0,N,-73.9730453491211,40.75827026367188,2,5.5,0.0,0.5,0.0,0.0,0.3,6.3,
2,2015-01-15 14:00:43,2015-01-15 14:58:40,1,15.2,-73.80126190185547,40.667728424072266,2.0,N,-73.99335479736328,40.75600051879882,1,52.0,0.0,0.5,14.33,5.33,0.3,72.46,
2,2015-01-15 14:00:43,2015-01-15 14:41:50,3,9.96,-73.99095916748048,40.74534225463867,1.0,N,-73.97360229492188,40.63248062133789,2,35.5,0.0,0.5,0.0,0.0,0.3,36.3,
2,2015-01-15 14:00:44,2015-01-15 14:04:55,1,0.76,-73.96351623535155,40.77156066894531,1.0,N,-73.95298767089844,40.7724609375,1,5.0,0.0,0.5,1.0,0.0,0.3,6.8,
2,2015-01-15 14:00:44,2015-01-15 14:04:06,1,0.38,-73.99138641357422,40.77016830444336,1.0,N,-73.98978424072266,40.77473831176758,2,4.0,0.0,0.5,0.0,0.0,0.3,4.8,
2,2015-01-15 14:00:45,2015-01-15 14:05:40,2,0.63,-73.95426940917967,40.77827072143555,1.0,N,-73.9562759399414,40.784046173095696,1,5.0,0.0,0.5,1.0,0.0,0.3,6.8,
2,2015-01-15 14:00:45,2015-01-15 14:39:09,1,12.63,-73.78852844238281,40.64778518676758,1.0,N,-73.9778823852539,40.689640045166016,1,40.0,0.0,0.5,12.0,0.0,0.3,52.8,
2,2015-01-15 14:00:45,2015-01-15 14:10:24,1,1.2,-73.99400329589844,40.75135040283203,1.0,N,-73.98135375976561,40.76112365722656,2,8.5,0.0,0.5,0.0,0.0,0.3,9.3,
2,2015-01-15 14:00:45,2015-01-15 14:16:31,2,1.18,-74.00641632080078,40.739654541015625,1.0,N,-73.98991394042967,40.73839569091797,1,10.5,0.0,0.5,2.1,0.0,0.3,13.4,
2,2015-01-15 14:00:45,2015-01-15 14:47:12,1,10.89,-74.00640869140625,40.73976516723633,1.0,N,-73.87119293212889,40.77421188354492,1,40.5,0.0,0.5,9.17,5.33,0.3,55.8,
2,2015-01-15 14:00:46,2015-01-15 14:41:54,6,10.39,-73.99309539794923,40.747257232666016,1.0,N,-73.86483001708984,40.770320892333984,1,38.0,0.0,0.5,10.83,5.33,0.3,54.96,
2,2015-01-15 14:00:46,2015-01-15 14:33:02,5,2.96,-73.96273040771484,40.774169921875,1.0,N,-73.99333190917967,40.74987030029297,2,20.5,0.0,0.5,0.0,0.0,0.3,21.3,
2,2015-01-15 14:00:46,2015-01-15 14:10:09,1,1.18,-73.98255920410156,40.77320098876953,1.0,N,-73.96412658691406,40.76470947265625,1,8.0,0.0,0.5,1.6,0.0,0.3,10.4,
2,2015-01-15 14:00:46,2015-01-15 14:14:51,1,1.62,-73.97618103027344,40.75120544433594,1.0,N,-73.9863739013672,40.76658630371094,1,10.5,0.0,0.5,2.1,0.0,0.3,13.4,
2,2015-01-15 14:00:47,2015-01-15 14:16:01,1,1.56,-73.95927429199219,40.774375915527344,1.0,N,-73.9763946533203,40.762939453125,2,10.5,0.0,0.5,0.0,0.0,0.3,11.3,
2,2015-01-15 14:00:47,2015-01-15 14:23:36,5,4.96,-73.97286224365233,40.74352264404297,1.0,N,-73.91412353515625,40.76496887207031,2,19.0,0.0,0.5,0.0,0.0,0.3,19.8,
1,2015-01-26 12:41:08,2015-01-26 12:48:47,2,1.0,-73.96663665771484,40.80465698242188,1.0,N,-73.95440673828125,40.808372497558594,1,7.0,0.0,0.5,1.55,0.0,0.3,9.35,
1,2015-01-26 12:41:09,2015-01-26 12:55:10,1,4.3,-73.96664428710938,40.80441665649414,1.0,N,-73.99112701416014,40.76107025146485,2,15.5,0.0,0.5,0.0,0.0,0.3,16.3,
1,2015-01-26 12:41:09,2015-01-26 12:45:08,1,0.5,-73.9828109741211,40.74525451660156,1.0,N,-73.98004150390625,40.7520751953125,2,4.5,0.0,0.5,0.0,0.0,0.3,5.3,
1,2015-01-26 12:41:09,2015-01-26 12:45:39,1,0.8,-73.99149322509764,40.73893737792969,1.0,N,-73.98859405517578,40.73051071166992,2,5.0,0.0,0.5,0.0,0.0,0.3,5.8,
1,2015-01-26 12:41:10,2015-01-26 13:05:04,1,1.1,-73.98239135742188,40.75740814208984,1.0,N,-73.96862030029298,40.76152038574219,1,14.5,0.0,0.5,3.05,0.0,0.3,18.35,
1,2015-01-26 12:41:10,2015-01-26 13:00:55,1,2.9,-73.97307586669923,40.78036117553711,1.0,N,-73.98625946044923,40.74664306640625,2,14.0,0.0,0.5,0.0,0.0,0.3,14.8,
1,2015-01-26 12:41:11,2015-01-26 12:44:41,1,0.3,-73.97181701660156,40.75690078735352,1.0,N,-73.97454833984375,40.75173568725586,2,4.0,0.0,0.5,0.0,0.0,0.3,4.8,
1,2015-01-26 12:41:12,2015-01-26 12:59:47,1,3.5,-73.97347259521484,40.74392318725586,1.0,N,-73.98201751708984,40.77973556518555,1,15.0,0.0,0.5,3.15,0.0,0.3,18.95,
1,2015-01-26 12:41:12,2015-01-26 12:49:49,1,1.2,-74.01268005371092,40.706836700439446,1.0,N,-74.01604461669923,40.714859008789055,2,8.0,0.0,0.5,0.0,0.0,0.3,8.8,
1,2015-01-26 12:41:13,2015-01-26 12:51:16,1,1.3,-73.9763946533203,40.748401641845696,1.0,N,-73.99404907226561,40.74616241455078,1,8.0,0.0,0.5,1.0,0.0,0.3,9.8,
1,2015-01-26 12:41:14,2015-01-26 12:52:40,1,1.9,-73.98925018310547,40.74198532104492,1.0,N,-74.0025863647461,40.76076889038086,1,10.0,0.0,0.5,2.7,0.0,0.3,13.5,
1,2015-01-26 12:41:14,2015-01-26 12:48:18,1,1.0,-73.9873504638672,40.74944686889648,1.0,N,-74.00407409667967,40.75583267211913,1,6.5,0.0,0.5,1.46,0.0,0.3,8.76,
1,2015-01-26 12:41:15,2015-01-26 12:59:22,1,8.1,-73.86384582519531,40.76979446411133,1.0,N,-73.96227264404298,40.71165466308594,1,24.5,0.0,0.5,5.05,0.0,0.3,30.35,
1,2015-01-26 12:41:15,2015-01-26 12:46:18,1,1.0,-73.96928405761719,40.76113510131836,1.0,N,-73.9725341796875,40.74954605102539,2,5.5,0.0,0.5,0.0,0.0,0.3,6.3,
1,2015-01-26 12:41:15,2015-01-26 12:47:11,2,1.6,-74.00725555419923,40.72868347167969,1.0,N,-73.99505615234375,40.75000381469727,1,7.0,0.0,0.5,1.95,0.0,0.3,9.75,
1,2015-01-26 12:41:16,2015-01-26 12:54:54,1,1.6,-73.981201171875,40.733184814453125,1.0,N,-73.97855377197266,40.74808883666992,1,10.0,0.0,0.5,1.0,0.0,0.3,11.8,
1,2015-01-26 12:41:17,2015-01-26 13:00:18,1,3.2,-73.99229431152342,40.75383758544922,1.0,N,-73.99629974365233,40.74049758911133,1,14.5,0.0,0.5,3.05,0.0,0.3,18.35,
1,2015-01-26 12:41:18,2015-01-26 12:46:41,1,1.0,-73.96748352050781,40.766010284423835,1.0,N,-73.96095275878906,40.777950286865234,1,6.0,0.0,0.5,1.0,0.0,0.3,7.8,
1,2015-01-26 12:41:19,2015-01-26 12:56:36,1,2.2,-73.95759582519531,40.77452850341797,1.0,N,-73.98458862304686,40.76975631713867,2,12.0,0.0,0.5,0.0,0.0,0.3,12.8,
1,2015-01-26 12:41:20,2015-01-26 12:47:38,1,0.7,-73.95232391357422,40.77704620361328,1.0,N,-73.96235656738281,40.77733612060546,2,6.0,0.0,0.5,0.0,0.0,0.3,6.8,
1,2015-01-26 12:41:21,2015-01-26 13:07:25,1,4.2,-73.98628234863281,40.7468376159668,1.0,N,-73.94466400146483,40.79500579833984,2,19.5,0.0,0.5,0.0,0.0,0.3,20.3,
1,2015-01-26 12:41:21,2015-01-26 13:03:26,2,16.3,-73.9983901977539,40.761680603027344,3.0,N,-74.17723846435547,40.69504165649414,1,60.5,0.0,0.0,15.3,15.75,0.3,91.85,
2,2015-01-07 14:58:06,2015-01-07 15:23:00,1,3.12,-73.96896362304686,40.76414489746094,1.0,N,-73.9929962158203,40.72700119018555,1,17.0,0.0,0.5,2.22,0.0,0.3,20.02,
1,2015-01-15 10:26:13,2015-01-15 10:30:49,1,0.8,-73.97223663330078,40.7455940246582,1.0,N,-73.96466827392578,40.75601959228516,1,5.5,0.0,0.5,1.0,0.0,0.3,7.3,
1,2015-01-15 10:26:14,2015-01-15 10:42:16,1,1.9,-73.9494857788086,40.772071838378906,1.0,N,-73.97072601318358,40.758392333984375,2,12.5,0.0,0.5,0.0,0.0,0.3,13.3,
1,2015-01-15 10:26:14,2015-01-15 10:51:03,1,2.6,-73.96176147460938,40.7642707824707,1.0,N,-73.98921966552734,40.7420654296875,1,16.0,0.0,0.5,3.35,0.0,0.3,20.15,
1,2015-01-15 10:26:14,2015-01-15 10:38:13,1,0.8,-73.99343872070312,40.742000579833984,1.0,N,-73.9874496459961,40.75202178955078,1,8.5,0.0,0.5,1.85,0.0,0.3,11.15,
1,2015-01-15 10:26:14,2015-01-15 10:49:00,2,6.8,-73.9729766845703,40.76113510131836,1.0,N,-74.00971221923827,40.709564208984375,1,23.0,0.0,0.5,4.5,0.0,0.3,28.3,
1,2015-01-15 10:26:15,2015-01-15 10:34:40,1,1.3,-73.94763946533203,40.77514266967773,1.0,N,-73.960693359375,40.76080703735352,1,7.5,0.0,0.5,1.0,0.0,0.3,9.3,
1,2015-01-15 10:26:15,2015-01-15 10:35:33,1,0.7,-73.98516845703125,40.75121307373047,1.0,N,-73.97951507568358,40.76188659667969,2,7.5,0.0,0.5,0.0,0.0,0.3,8.3,
1,2015-01-15 10:26:15,2015-01-15 10:33:37,1,0.3,-73.98387145996092,40.742454528808594,1.0,N,-73.9873046875,40.74406051635742,2,6.0,0.0,0.5,0.0,0.0,0.3,6.8,
1,2015-01-15 10:26:15,2015-01-15 10:36:03,1,1.4,-73.96815490722656,40.76235961914063,1.0,N,-73.98164367675781,40.7470703125,1,8.0,0.0,0.5,1.2,0.0,0.3,10.0,
1,2015-01-15 10:26:16,2015-01-15 10:32:04,1,1.2,-74.00554656982422,40.72677612304688,1.0,N,-74.01348114013672,40.71365737915039,1,6.5,0.0,0.5,1.45,0.0,0.3,8.75,
1,2015-01-15 10:26:16,2015-01-15 11:08:10,2,12.6,-73.86273956298828,40.76884460449219,1.0,N,-73.98956298828125,40.758838653564446,2,40.0,0.0,0.5,0.0,5.33,0.3,46.13,
1,2015-01-15 10:26:16,2015-01-15 10:26:42,2,0.0,-73.98765563964845,40.74364471435546,5.0,N,-73.98748779296875,40.74348449707031,1,60.0,0.0,0.0,15.0,0.0,0.3,75.3,
1,2015-01-15 10:26:17,2015-01-15 10:27:28,1,0.0,-73.94652557373048,40.74499130249024,1.0,N,-73.94652557373048,40.74499130249024,2,3.0,0.0,0.5,0.0,0.0,0.3,3.8,
2,2015-01-07 14:58:07,2015-01-07 15:05:03,1,1.08,-73.98810577392578,40.76905059814453,1.0,N,-73.98151397705078,40.75934600830078,1,6.5,0.0,0.5,1.62,0.0,0.3,8.92,
2,2015-01-07 14:58:07,2015-01-07 15:10:17,2,1.58,-73.98195648193358,40.76926040649414,1.0,N,-73.9734649658203,40.78977584838867,1,9.5,0.0,0.5,1.0,0.0,0.3,11.3,
2,2015-01-07 14:58:07,2015-01-07 15:04:51,1,0.96,-73.96585845947266,40.790523529052734,1.0,N,-73.95323944091797,40.7854881286621,1,6.5,0.0,0.5,1.95,0.0,0.3,9.25,
2,2015-01-07 14:58:08,2015-01-07 15:02:05,1,0.77,-73.99652099609375,40.72568130493164,1.0,N,-73.9890365600586,40.73068618774414,1,5.0,0.0,0.5,1.0,0.0,0.3,6.8,
2,2015-01-07 14:58:08,2015-01-07 15:06:36,1,0.98,-73.94869232177734,40.77778244018555,1.0,N,-73.95528411865233,40.786869049072266,1,7.0,0.0,0.5,1.4,0.0,0.3,9.2,
2,2015-01-07 14:58:08,2015-01-07 15:02:37,2,0.79,-73.96013641357422,40.65699768066406,1.0,N,-73.94686126708984,40.65715408325195,2,5.0,0.0,0.5,0.0,0.0,0.3,5.8,
2,2015-01-07 14:58:09,2015-01-07 15:12:55,3,4.39,-73.98866271972656,40.722705841064446,1.0,N,-73.98722076416014,40.69440841674805,2,15.5,0.0,0.5,0.0,0.0,0.3,16.3,
2,2015-01-07 14:58:10,2015-01-07 15:24:07,1,3.37,-73.96410369873048,40.767852783203125,1.0,N,-73.99427032470702,40.745235443115234,1,18.0,0.0,0.5,3.6,0.0,0.3,22.4,
2,2015-01-07 14:58:10,2015-01-07 15:16:03,1,1.53,-73.95317840576173,40.782730102539055,1.0,N,-73.95329284667967,40.76653289794922,1,12.0,0.0,0.5,2.4,0.0,0.3,15.2,
2,2015-01-07 14:58:10,2015-01-07 15:16:36,6,11.4,-73.78215026855469,40.64471054077149,1.0,N,-73.86286926269531,40.76715850830078,1,31.5,0.0,0.5,6.3,0.0,0.3,38.6,
2,2015-01-07 14:58:11,2015-01-07 15:07:44,2,1.46,-73.98213195800781,40.76839065551758,1.0,N,-73.99198150634764,40.74945068359375,2,8.0,0.0,0.5,0.0,0.0,0.3,8.8,
2,2015-01-07 14:58:11,2015-01-07 15:06:51,1,1.25,-73.98511505126953,40.759376525878906,1.0,N,-73.99356079101561,40.7514533996582,2,7.5,0.0,0.5,0.0,0.0,0.3,8.3,
2,2015-01-07 14:58:11,2015-01-07 15:03:10,2,1.3,-74.01046752929686,40.71883010864258,1.0,N,-74.00759887695312,40.73429870605469,2,6.5,0.0,0.5,0.0,0.0,0.3,7.3,
2,2015-01-07 14:58:11,2015-01-07 15:00:50,2,0.69,-73.95101928710938,40.78312301635742,1.0,N,-73.94373321533203,40.787845611572266,1,4.0,0.0,0.5,0.8,0.0,0.3,5.6,
2,2015-01-07 14:58:12,2015-01-07 15:04:45,2,0.96,-74.00460815429686,40.741523742675774,1.0,N,-73.99143981933594,40.73668670654297,2,6.5,0.0,0.5,0.0,0.0,0.3,7.3,
2,2015-01-07 14:58:12,2015-01-07 15:14:02,2,2.05,-73.99359893798828,40.74993133544922,1.0,N,-73.98448181152342,40.73537826538086,1,12.0,0.0,0.5,3.6,0.0,0.3,16.4,
2,2015-01-07 14:58:13,2015-01-07 15:03:08,1,0.72,-73.96529388427734,40.76332473754882,1.0,N,-73.9570083618164,40.768165588378906,1,5.5,0.0,0.5,0.6,0.0,0.3,6.9,
2,2015-01-07 14:58:14,2015-01-07 15:11:26,1,2.32,-73.95791625976561,40.78505706787109,1.0,N,-73.9842758178711,40.7701301574707,2,11.0,0.0,0.5,0.0,0.0,0.3,11.8,
2,2015-01-07 14:58:14,2015-01-07 15:25:01,1,3.4,-73.97386932373048,40.79164123535156,1.0,N,-73.94551849365233,40.81803131103516,2,17.5,0.0,0.5,0.0,0.0,0.3,18.3,
2,2015-01-07 14:58:14,2015-01-07 15:06:56,1,1.56,-73.96090698242188,40.76116180419922,1.0,N,-73.94522857666014,40.774219512939446,1,8.0,0.0,0.5,0.7,0.0,0.3,9.5,
1,2015-01-15 09:46:59,2015-01-15 09:57:44,1,3.1,-74.01138305664062,40.7134895324707,1.0,N,-73.99554443359375,40.74922943115234,2,11.5,0.0,0.5,0.0,0.0,0.3,12.3,
1,2015-01-15 09:46:59,2015-01-15 09:56:44,1,0.8,-73.99701690673827,40.7423210144043,1.0,N,-73.98770141601561,40.73540496826172,1,7.5,0.0,0.5,1.0,0.0,0.3,9.3,
1,2015-01-15 09:46:59,2015-01-15 10:27:34,1,9.5,-73.87297058105469,40.77403259277344,1.0,N,-74.00010681152342,40.719337463378906,2,34.0,0.0,0.5,0.0,0.0,0.3,34.8,
1,2015-01-15 09:47:00,2015-01-15 10:00:07,1,1.0,0.0,0.0,1.0,N,0.0,0.0,2,10.0,0.0,0.5,0.0,0.0,0.3,10.8,
1,2015-01-15 09:47:00,2015-01-15 09:50:43,1,0.4,-74.00221252441406,40.7294921875,1.0,N,-73.99691009521484,40.725143432617195,1,4.5,0.0,0.5,1.0,0.0,0.3,6.3,
1,2015-01-15 09:47:02,2015-01-15 10:17:47,3,8.3,0.0,0.0,1.0,N,0.0,0.0,1,27.5,0.0,0.5,10.0,5.33,0.3,43.63,
1,2015-01-15 09:47:02,2015-01-15 10:01:48,1,1.1,-73.96573638916014,40.7954216003418,1.0,N,-73.95262908935547,40.789344787597656,2,10.0,0.0,0.5,0.0,0.0,0.3,10.8,
1,2015-01-15 09:47:02,2015-01-15 10:14:12,2,2.2,-74.0069580078125,40.7300033569336,1.0,N,-73.9856185913086,40.75288009643555,1,16.5,0.0,0.5,3.46,0.0,0.3,20.76,
1,2015-01-15 09:47:03,2015-01-15 09:57:10,1,0.7,-73.97551727294923,40.75428009033203,1.0,N,-73.97853088378906,40.76155853271485,2,7.5,0.0,0.5,0.0,0.0,0.3,8.3,
1,2015-01-15 09:47:03,2015-01-15 09:53:04,3,0.8,-73.94737243652342,40.77603912353516,1.0,N,-73.95754241943358,40.77267074584961,1,6.0,0.0,0.5,1.36,0.0,0.3,8.16,
1,2015-01-15 09:47:03,2015-01-15 09:51:15,1,1.1,-73.96231079101561,40.75884628295898,1.0,N,-73.95182037353516,40.7734603881836,1,5.5,0.0,0.5,1.26,0.0,0.3,7.56,
1,2015-01-15 09:47:04,2015-01-15 10:02:36,1,1.4,-73.9887466430664,40.755027770996094,1.0,N,-73.99000549316406,40.738723754882805,1,10.5,0.0,0.5,2.25,0.0,0.3,13.55,
1,2015-01-15 09:47:04,2015-01-15 10:00:56,2,1.6,-73.9825668334961,40.735515594482415,1.0,N,-73.99109649658203,40.748889923095696,1,10.0,0.0,0.5,2.15,0.0,0.3,12.95,
1,2015-01-15 09:47:05,2015-01-15 09:52:25,1,0.6,-73.99432373046875,40.7503318786621,1.0,N,-74.00239562988281,40.7486686706543,1,5.5,0.0,0.5,1.25,0.0,0.3,7.55,
1,2015-01-15 09:47:05,2015-01-15 09:53:18,1,0.7,-73.963134765625,40.77178955078125,1.0,N,-73.95404052734375,40.76702499389648,2,5.5,0.0,0.5,0.0,0.0,0.3,6.3,
1,2015-01-15 09:47:05,2015-01-15 09:48:54,1,0.5,-73.96200561523438,40.759590148925774,1.0,N,-73.95683288574217,40.76490020751953,1,3.5,0.0,0.5,1.0,0.0,0.0,5.0,
1,2015-01-15 09:47:05,2015-01-15 09:51:23,1,0.9,-73.97065734863281,40.78341293334961,1.0,N,-73.9588623046875,40.78094482421875,1,5.5,0.0,0.5,1.0,0.0,0.3,7.3,
1,2015-01-15 09:47:06,2015-01-15 09:55:23,1,1.6,-73.96646881103516,40.79238128662109,1.0,N,-73.95868682861328,40.77577209472656,2,8.0,0.0,0.5,0.0,0.0,0.3,8.8,
1,2015-01-15 09:47:06,2015-01-15 10:01:35,2,6.9,-73.98991394042967,40.75692367553711,1.0,N,-73.94661712646483,40.836292266845696,1,21.0,0.0,0.5,6.5,0.0,0.3,28.3,
1,2015-01-15 09:47:07,2015-01-15 09:55:25,1,0.7,-73.9852066040039,40.74163055419922,1.0,N,-73.97882843017578,40.75057601928711,1,7.0,0.0,0.5,2.3,0.0,0.3,10.1,
1,2015-01-15 09:47:07,2015-01-15 10:08:50,1,2.9,-73.97415161132812,40.78395080566406,1.0,N,-73.9783477783203,40.7515754699707,2,15.0,0.0,0.5,0.0,0.0,0.3,15.8,
1,2015-01-15 09:47:07,2015-01-15 09:54:05,1,1.0,0.0,0.0,1.0,N,-73.99880981445312,40.74142837524414,2,6.0,0.0,0.5,0.0,0.0,0.3,6.8,
1,2015-01-15 09:47:07,2015-01-15 09:56:05,1,1.6,-73.97924041748048,40.77156448364258,1.0,N,-73.96215057373048,40.77807235717773,2,8.5,0.0,0.5,0.0,0.0,0.3,9.3,
1,2015-01-20 22:49:09,2015-01-20 23:12:38,1,6.4,-73.98865509033203,40.73699188232422,1.0,N,-73.95166778564453,40.67354583740234,1,22.0,0.5,0.5,4.0,0.0,0.3,27.3,
1,2015-01-20 22:49:09,2015-01-20 22:57:07,1,2.0,-73.98103332519531,40.763687133789055,1.0,N,-73.96949768066406,40.78787612915039,2,8.5,0.5,0.5,0.0,0.0,0.3,9.8,
1,2015-01-20 22:49:10,2015-01-20 23:01:46,3,2.4,-73.99170684814453,40.72621536254882,1.0,N,-73.99335479736328,40.75189971923828,2,11.0,0.5,0.5,0.0,0.0,0.3,12.3,
1,2015-01-20 22:49:10,2015-01-20 23:02:20,1,2.6,-73.98709106445312,40.75945663452149,1.0,N,-74.00465393066406,40.72518157958984,1,12.0,0.5,0.5,1.5,0.0,0.3,14.8,
1,2015-01-20 22:49:11,2015-01-20 22:59:36,2,1.3,-73.98424530029298,40.76469039916992,1.0,N,-73.96234893798828,40.7553596496582,1,8.0,0.5,0.5,1.85,0.0,0.3,11.15,
1,2015-01-20 22:49:11,2015-01-20 23:16:03,1,16.3,-73.78917694091797,40.64181900024414,1.0,Y,-73.96247100830078,40.7198600769043,1,45.0,0.5,0.5,11.57,0.0,0.3,57.87,
1,2015-01-20 22:49:11,2015-01-20 23:00:44,1,2.3,-73.95005798339844,40.77193069458008,1.0,N,-73.97766876220702,40.76336288452149,2,10.5,0.5,0.5,0.0,0.0,0.3,11.8,
1,2015-01-20 22:49:11,2015-01-20 22:58:46,1,3.5,-73.98789215087889,40.71855163574219,1.0,N,-73.94770050048828,40.72403717041016,1,12.5,0.5,0.5,2.0,0.0,0.3,15.8,
1,2015-01-20 22:49:11,2015-01-20 22:58:29,1,2.7,-73.97872161865233,40.75111770629882,1.0,N,-73.95077514648438,40.77780151367188,1,10.0,0.5,0.5,2.25,0.0,0.3,13.55,
1,2015-01-20 22:49:11,2015-01-20 22:53:12,1,0.8,-73.96761322021484,40.7659912109375,1.0,N,-73.95871734619139,40.77565383911133,1,5.5,0.5,0.5,1.0,0.0,0.3,7.8,
1,2015-01-20 22:49:11,2015-01-20 23:07:20,1,3.7,-73.95762634277344,40.70833206176758,1.0,N,-74.00062561035155,40.68149566650391,1,15.5,0.5,0.5,1.0,0.0,0.3,17.8,
1,2015-01-20 22:49:11,2015-01-20 23:11:58,2,6.4,-73.98506164550781,40.723945617675774,1.0,N,-73.96109008789062,40.65046310424805,1,22.0,0.5,0.5,5.8,0.0,0.3,29.1,
1,2015-01-20 22:49:12,2015-01-20 22:54:54,1,1.1,-73.99769592285155,40.73781967163086,1.0,N,-73.98296356201173,40.738815307617195,1,6.0,0.5,0.5,1.0,0.0,0.3,8.3,
1,2015-01-20 22:49:12,2015-01-20 22:54:48,1,0.9,-73.98553466796875,40.738582611083984,1.0,N,-73.97918701171875,40.750125885009766,1,6.5,0.5,0.5,1.55,0.0,0.3,9.35,
1,2015-01-20 22:49:12,2015-01-20 23:05:18,1,5.6,-74.00615692138672,40.70620727539063,1.0,N,-73.94492340087889,40.68094253540039,1,18.0,0.5,0.5,3.85,0.0,0.3,23.15,
1,2015-01-20 22:49:12,2015-01-20 22:57:35,1,2.2,-74.00675201416014,40.74382019042969,1.0,N,-73.981689453125,40.76115036010742,1,9.0,0.5,0.5,2.57,0.0,0.3,12.87,
1,2015-01-20 22:49:13,2015-01-20 22:57:16,1,1.0,-73.98461151123048,40.7590446472168,1.0,N,-73.97784423828125,40.754261016845696,1,7.0,0.5,0.5,1.65,0.0,0.3,9.95,